﻿<parameters>
  <parameter name="IIS Web Application Name" defaultValue="Default Web Site/" tags="IisApp">
    <parameterEntry kind="ProviderPath" scope="IisApp" match="^C:\\Users\\Sondre\\source\\repos\\Brobet\\Brobet\\obj\\Debug\\Package\\PackageTmp$" />
    <parameterEntry kind="ProviderPath" scope="setAcl" match="^C:\\Users\\Sondre\\source\\repos\\Brobet\\Brobet\\obj\\Debug\\Package\\PackageTmp$" />
  </parameter>
  <parameter name="DefaultConnection-Web.config Connection String" description="DefaultConnection Connection String used in web.config by the application to access the database." defaultValue="Data Source=(local)\SQLEXPRESS;Initial Catalog=Brobet;Integrated Security=True" tags="SqlConnectionString">
    <parameterEntry kind="XmlFile" scope="C:\\Users\\Sondre\\source\\repos\\Brobet\\Brobet\\obj\\Debug\\Package\\PackageTmp\\Web\.config$" match="/configuration/connectionStrings/add[@name='DefaultConnection']/@connectionString" />
  </parameter>
  <parameter name="BrobetEntities-Web.config Connection String" description="BrobetEntities Connection String used in web.config by the application to access the database." defaultValue="metadata=res://*/db.BrobetEF.csdl|res://*/db.BrobetEF.ssdl|res://*/db.BrobetEF.msl;provider=System.Data.SqlClient;provider connection string=&quot;data source=(local)\SQLEXPRESS;initial catalog=Brobet;integrated security=True;multipleactiveresultsets=True;application name=EntityFramework&quot;" tags="SqlConnectionString">
    <parameterEntry kind="XmlFile" scope="C:\\Users\\Sondre\\source\\repos\\Brobet\\Brobet\\obj\\Debug\\Package\\PackageTmp\\Web\.config$" match="/configuration/connectionStrings/add[@name='BrobetEntities']/@connectionString" />
  </parameter>
  <parameter name="Entities-Web.config Connection String" description="Entities Connection String used in web.config by the application to access the database." defaultValue="metadata=res://*/Models.BrobetEF.csdl|res://*/Models.BrobetEF.ssdl|res://*/Models.BrobetEF.msl;provider=System.Data.SqlClient;provider connection string=&quot;data source=(local)\SQLEXPRESS;initial catalog=Brobet;integrated security=True;MultipleActiveResultSets=True;App=EntityFramework&quot;" tags="SqlConnectionString">
    <parameterEntry kind="XmlFile" scope="C:\\Users\\Sondre\\source\\repos\\Brobet\\Brobet\\obj\\Debug\\Package\\PackageTmp\\Web\.config$" match="/configuration/connectionStrings/add[@name='Entities']/@connectionString" />
  </parameter>
</parameters>